Time,Attention Status,Recommendation
0,Present,High attention detected. Keep focusing!
1,Present,High attention detected. Keep focusing!
2,Present,High attention detected. Keep focusing!
3,Present,High attention detected. Keep focusing!
4,Present,High attention detected. Keep focusing!
5,Present,High attention detected. Keep focusing!
6,Present,High attention detected. Keep focusing!
7,Present,High attention detected. Keep focusing!
8,Present,High attention detected. Keep focusing!
9,Present,High attention detected. Keep focusing!
10,Present,High attention detected. Keep focusing!
11,Present,High attention detected. Keep focusing!
12,Present,High attention detected. Keep focusing!
13,Present,High attention detected. Keep focusing!
14,Present,High attention detected. Keep focusing!
15,Present,High attention detected. Keep focusing!
16,Present,High attention detected. Keep focusing!
17,Present,High attention detected. Keep focusing!
18,Present,High attention detected. Keep focusing!
19,Present,High attention detected. Keep focusing!
20,Present,High attention detected. Keep focusing!
21,Present,High attention detected. Keep focusing!
22,Active,Moderate attention detected. Stay focused!
23,Active,Moderate attention detected. Stay focused!
24,Active,Moderate attention detected. Stay focused!
25,Active,Moderate attention detected. Stay focused!
26,Active,Moderate attention detected. Stay focused!
27,Active,Moderate attention detected. Stay focused!
28,Active,Moderate attention detected. Stay focused!
29,Active,Moderate attention detected. Stay focused!
30,Active,Moderate attention detected. Stay focused!
31,Active,Moderate attention detected. Stay focused!
32,Active,Moderate attention detected. Stay focused!
33,Active,Moderate attention detected. Stay focused!
34,Active,Moderate attention detected. Stay focused!
35,Active,Moderate attention detected. Stay focused!
36,Active,Moderate attention detected. Stay focused!
37,Active,Moderate attention detected. Stay focused!
38,Active,Moderate attention detected. Stay focused!
39,Active,Moderate attention detected. Stay focused!
40,Active,Moderate attention detected. Stay focused!
41,Active,Moderate attention detected. Stay focused!
42,Active,Moderate attention detected. Stay focused!
43,Active,Moderate attention detected. Stay focused!
44,Active,Moderate attention detected. Stay focused!
45,Active,Moderate attention detected. Stay focused!
46,Active,Moderate attention detected. Stay focused!
47,Active,Moderate attention detected. Stay focused!
48,Active,Moderate attention detected. Stay focused!
49,Active,Moderate attention detected. Stay focused!
50,Active,Moderate attention detected. Stay focused!
51,Active,Moderate attention detected. Stay focused!
52,Active,Moderate attention detected. Stay focused!
53,Active,Moderate attention detected. Stay focused!
54,Active,Moderate attention detected. Stay focused!
55,Active,Moderate attention detected. Stay focused!
56,Active,Moderate attention detected. Stay focused!
57,Active,Moderate attention detected. Stay focused!
58,Active,Moderate attention detected. Stay focused!
59,Active,Moderate attention detected. Stay focused!
60,Active,Moderate attention detected. Stay focused!
61,Active,Moderate attention detected. Stay focused!
62,Active,Moderate attention detected. Stay focused!
63,Active,Moderate attention detected. Stay focused!
64,Active,Moderate attention detected. Stay focused!
65,Active,Moderate attention detected. Stay focused!
66,Active,Moderate attention detected. Stay focused!
67,Active,Moderate attention detected. Stay focused!
68,Active,Moderate attention detected. Stay focused!
69,Active,Moderate attention detected. Stay focused!
70,Active,Moderate attention detected. Stay focused!
71,Active,Moderate attention detected. Stay focused!
72,Active,Moderate attention detected. Stay focused!
73,Active,Moderate attention detected. Stay focused!
74,Active,Moderate attention detected. Stay focused!
75,Active,Moderate attention detected. Stay focused!
76,Active,Moderate attention detected. Stay focused!
77,Active,Moderate attention detected. Stay focused!
78,Active,Moderate attention detected. Stay focused!
79,Active,Moderate attention detected. Stay focused!
80,Active,Moderate attention detected. Stay focused!
81,Active,Moderate attention detected. Stay focused!
82,Active,Moderate attention detected. Stay focused!
83,Active,Moderate attention detected. Stay focused!
84,Active,Moderate attention detected. Stay focused!
85,Active,Moderate attention detected. Stay focused!
86,Active,Moderate attention detected. Stay focused!
87,Active,Moderate attention detected. Stay focused!
88,Active,Moderate attention detected. Stay focused!
89,Active,Moderate attention detected. Stay focused!
90,Active,Moderate attention detected. Stay focused!
91,Active,Moderate attention detected. Stay focused!
92,Active,Moderate attention detected. Stay focused!
93,Active,Moderate attention detected. Stay focused!
94,Active,Moderate attention detected. Stay focused!
95,Active,Moderate attention detected. Stay focused!
96,Active,Moderate attention detected. Stay focused!
97,Active,Moderate attention detected. Stay focused!
98,Active,Moderate attention detected. Stay focused!
99,Active,Moderate attention detected. Stay focused!
100,Active,Moderate attention detected. Stay focused!
101,Active,Moderate attention detected. Stay focused!
102,Active,Moderate attention detected. Stay focused!
103,Active,Moderate attention detected. Stay focused!
104,Active,Moderate attention detected. Stay focused!
105,Active,Moderate attention detected. Stay focused!
106,Active,Moderate attention detected. Stay focused!
107,Active,Moderate attention detected. Stay focused!
108,Active,Moderate attention detected. Stay focused!
109,Active,Moderate attention detected. Stay focused!
110,Active,Moderate attention detected. Stay focused!
111,Active,Moderate attention detected. Stay focused!
112,Active,Moderate attention detected. Stay focused!
113,Active,Moderate attention detected. Stay focused!
114,Active,Moderate attention detected. Stay focused!
115,Active,Moderate attention detected. Stay focused!
116,Active,Moderate attention detected. Stay focused!
117,Active,Moderate attention detected. Stay focused!
118,Active,Moderate attention detected. Stay focused!
119,Active,Moderate attention detected. Stay focused!
120,Active,Moderate attention detected. Stay focused!
121,Active,Moderate attention detected. Stay focused!
122,Active,Moderate attention detected. Stay focused!
123,Active,Moderate attention detected. Stay focused!
124,Active,Moderate attention detected. Stay focused!
125,Active,Moderate attention detected. Stay focused!
126,Active,Moderate attention detected. Stay focused!
127,Active,Moderate attention detected. Stay focused!
128,Active,Moderate attention detected. Stay focused!
129,Active,Moderate attention detected. Stay focused!
130,Active,Moderate attention detected. Stay focused!
131,Active,Moderate attention detected. Stay focused!
132,Active,Moderate attention detected. Stay focused!
133,Active,Moderate attention detected. Stay focused!
134,Active,Moderate attention detected. Stay focused!
135,Active,Moderate attention detected. Stay focused!
136,Active,Moderate attention detected. Stay focused!
137,Active,Moderate attention detected. Stay focused!
138,Active,Moderate attention detected. Stay focused!
139,Active,Moderate attention detected. Stay focused!
140,Active,Moderate attention detected. Stay focused!
141,Active,Moderate attention detected. Stay focused!
142,Active,Moderate attention detected. Stay focused!
143,Active,Moderate attention detected. Stay focused!
144,Active,Moderate attention detected. Stay focused!
