Time,Recommendation
0,High attention detected. Keep focusing!
1,High attention detected. Keep focusing!
2,High attention detected. Keep focusing!
3,High attention detected. Keep focusing!
4,Moderate attention detected. Stay focused!
5,Moderate attention detected. Stay focused!
6,Moderate attention detected. Stay focused!
7,Moderate attention detected. Stay focused!
8,Moderate attention detected. Stay focused!
9,Moderate attention detected. Stay focused!
10,Moderate attention detected. Stay focused!
11,High attention detected. Keep focusing!
12,High attention detected. Keep focusing!
13,High attention detected. Keep focusing!
14,Moderate attention detected. Stay focused!
15,Moderate attention detected. Stay focused!
16,Moderate attention detected. Stay focused!
17,Moderate attention detected. Stay focused!
18,Moderate attention detected. Stay focused!
19,Moderate attention detected. Stay focused!
20,Moderate attention detected. Stay focused!
21,Moderate attention detected. Stay focused!
22,Moderate attention detected. Stay focused!
23,Moderate attention detected. Stay focused!
24,Moderate attention detected. Stay focused!
25,Moderate attention detected. Stay focused!
26,Moderate attention detected. Stay focused!
27,Moderate attention detected. Stay focused!
28,Moderate attention detected. Stay focused!
29,Moderate attention detected. Stay focused!
30,Moderate attention detected. Stay focused!
31,Moderate attention detected. Stay focused!
32,Moderate attention detected. Stay focused!
33,Moderate attention detected. Stay focused!
34,Moderate attention detected. Stay focused!
35,Moderate attention detected. Stay focused!
36,Moderate attention detected. Stay focused!
37,Moderate attention detected. Stay focused!
38,Moderate attention detected. Stay focused!
39,Moderate attention detected. Stay focused!
40,Moderate attention detected. Stay focused!
41,Moderate attention detected. Stay focused!
42,Moderate attention detected. Stay focused!
43,Moderate attention detected. Stay focused!
44,Moderate attention detected. Stay focused!
45,Moderate attention detected. Stay focused!
46,Moderate attention detected. Stay focused!
47,Moderate attention detected. Stay focused!
48,High attention detected. Keep focusing!
49,High attention detected. Keep focusing!
50,High attention detected. Keep focusing!
51,High attention detected. Keep focusing!
52,High attention detected. Keep focusing!
53,High attention detected. Keep focusing!
54,High attention detected. Keep focusing!
55,High attention detected. Keep focusing!
56,High attention detected. Keep focusing!
57,Moderate attention detected. Stay focused!
58,Moderate attention detected. Stay focused!
59,Moderate attention detected. Stay focused!
60,Moderate attention detected. Stay focused!
61,Moderate attention detected. Stay focused!
62,Moderate attention detected. Stay focused!
63,Moderate attention detected. Stay focused!
64,Moderate attention detected. Stay focused!
65,Moderate attention detected. Stay focused!
66,Moderate attention detected. Stay focused!
67,Moderate attention detected. Stay focused!
68,Moderate attention detected. Stay focused!
69,Moderate attention detected. Stay focused!
70,Moderate attention detected. Stay focused!
71,Moderate attention detected. Stay focused!
72,Moderate attention detected. Stay focused!
73,Moderate attention detected. Stay focused!
74,Moderate attention detected. Stay focused!
75,Moderate attention detected. Stay focused!
76,Moderate attention detected. Stay focused!
77,Moderate attention detected. Stay focused!
78,Moderate attention detected. Stay focused!
79,Moderate attention detected. Stay focused!
80,Moderate attention detected. Stay focused!
81,Moderate attention detected. Stay focused!
82,Daydreaming detected. Take a break or focus more!
83,Daydreaming detected. Take a break or focus more!
84,Daydreaming detected. Take a break or focus more!
85,Daydreaming detected. Take a break or focus more!
86,Moderate attention detected. Stay focused!
87,Moderate attention detected. Stay focused!
88,Moderate attention detected. Stay focused!
89,Moderate attention detected. Stay focused!
90,Moderate attention detected. Stay focused!
91,Moderate attention detected. Stay focused!
92,Moderate attention detected. Stay focused!
93,Moderate attention detected. Stay focused!
94,Moderate attention detected. Stay focused!
95,Moderate attention detected. Stay focused!
96,Moderate attention detected. Stay focused!
97,Moderate attention detected. Stay focused!
98,Moderate attention detected. Stay focused!
99,Moderate attention detected. Stay focused!
100,Moderate attention detected. Stay focused!
101,Moderate attention detected. Stay focused!
102,Moderate attention detected. Stay focused!
103,Moderate attention detected. Stay focused!
104,Moderate attention detected. Stay focused!
105,Moderate attention detected. Stay focused!
106,Moderate attention detected. Stay focused!
107,Moderate attention detected. Stay focused!
108,Moderate attention detected. Stay focused!
109,Moderate attention detected. Stay focused!
110,Moderate attention detected. Stay focused!
111,Moderate attention detected. Stay focused!
112,Moderate attention detected. Stay focused!
113,Moderate attention detected. Stay focused!
114,Moderate attention detected. Stay focused!
115,Moderate attention detected. Stay focused!
116,Moderate attention detected. Stay focused!
117,Moderate attention detected. Stay focused!
118,Moderate attention detected. Stay focused!
119,Moderate attention detected. Stay focused!
120,Moderate attention detected. Stay focused!
121,Moderate attention detected. Stay focused!
122,Moderate attention detected. Stay focused!
123,Moderate attention detected. Stay focused!
124,Moderate attention detected. Stay focused!
125,Moderate attention detected. Stay focused!
126,Moderate attention detected. Stay focused!
127,Moderate attention detected. Stay focused!
128,Moderate attention detected. Stay focused!
129,Moderate attention detected. Stay focused!
130,Moderate attention detected. Stay focused!
131,Moderate attention detected. Stay focused!
132,Moderate attention detected. Stay focused!
133,Moderate attention detected. Stay focused!
134,Moderate attention detected. Stay focused!
135,Moderate attention detected. Stay focused!
136,Moderate attention detected. Stay focused!
137,Moderate attention detected. Stay focused!
138,Moderate attention detected. Stay focused!
139,Moderate attention detected. Stay focused!
140,Moderate attention detected. Stay focused!
141,Moderate attention detected. Stay focused!
142,Moderate attention detected. Stay focused!
143,Moderate attention detected. Stay focused!
144,Moderate attention detected. Stay focused!
145,Moderate attention detected. Stay focused!
146,Moderate attention detected. Stay focused!
147,Moderate attention detected. Stay focused!
148,Moderate attention detected. Stay focused!
149,Moderate attention detected. Stay focused!
150,Moderate attention detected. Stay focused!
151,Moderate attention detected. Stay focused!
152,Moderate attention detected. Stay focused!
153,Moderate attention detected. Stay focused!
154,Moderate attention detected. Stay focused!
155,Moderate attention detected. Stay focused!
156,Moderate attention detected. Stay focused!
157,Moderate attention detected. Stay focused!
158,Moderate attention detected. Stay focused!
159,Moderate attention detected. Stay focused!
160,Moderate attention detected. Stay focused!
161,Moderate attention detected. Stay focused!
162,Moderate attention detected. Stay focused!
163,Moderate attention detected. Stay focused!
164,Moderate attention detected. Stay focused!
165,Moderate attention detected. Stay focused!
166,Moderate attention detected. Stay focused!
167,Moderate attention detected. Stay focused!
168,Moderate attention detected. Stay focused!
169,Moderate attention detected. Stay focused!
170,Moderate attention detected. Stay focused!
171,Moderate attention detected. Stay focused!
172,Moderate attention detected. Stay focused!
173,Moderate attention detected. Stay focused!
174,Moderate attention detected. Stay focused!
175,Moderate attention detected. Stay focused!
176,Moderate attention detected. Stay focused!
177,Moderate attention detected. Stay focused!
178,Moderate attention detected. Stay focused!
179,Moderate attention detected. Stay focused!
180,Moderate attention detected. Stay focused!
181,Moderate attention detected. Stay focused!
182,Moderate attention detected. Stay focused!
183,Moderate attention detected. Stay focused!
184,Moderate attention detected. Stay focused!
185,Moderate attention detected. Stay focused!
186,Moderate attention detected. Stay focused!
187,Moderate attention detected. Stay focused!
188,Moderate attention detected. Stay focused!
189,Moderate attention detected. Stay focused!
190,Moderate attention detected. Stay focused!
191,Moderate attention detected. Stay focused!
192,Moderate attention detected. Stay focused!
193,Moderate attention detected. Stay focused!
194,Moderate attention detected. Stay focused!
195,Moderate attention detected. Stay focused!
196,Moderate attention detected. Stay focused!
197,Moderate attention detected. Stay focused!
198,Moderate attention detected. Stay focused!
199,Moderate attention detected. Stay focused!
200,Moderate attention detected. Stay focused!
201,Moderate attention detected. Stay focused!
202,Moderate attention detected. Stay focused!
203,Moderate attention detected. Stay focused!
204,Moderate attention detected. Stay focused!
205,Moderate attention detected. Stay focused!
206,Moderate attention detected. Stay focused!
207,Moderate attention detected. Stay focused!
208,Moderate attention detected. Stay focused!
209,Moderate attention detected. Stay focused!
210,Moderate attention detected. Stay focused!
211,Moderate attention detected. Stay focused!
212,Moderate attention detected. Stay focused!
213,Moderate attention detected. Stay focused!
214,Moderate attention detected. Stay focused!
215,Moderate attention detected. Stay focused!
216,Moderate attention detected. Stay focused!
217,Moderate attention detected. Stay focused!
218,Moderate attention detected. Stay focused!
219,Moderate attention detected. Stay focused!
220,Moderate attention detected. Stay focused!
221,Moderate attention detected. Stay focused!
222,Moderate attention detected. Stay focused!
223,Moderate attention detected. Stay focused!
224,Moderate attention detected. Stay focused!
225,Moderate attention detected. Stay focused!
226,Moderate attention detected. Stay focused!
227,Moderate attention detected. Stay focused!
228,Moderate attention detected. Stay focused!
229,Moderate attention detected. Stay focused!
230,Moderate attention detected. Stay focused!
231,Moderate attention detected. Stay focused!
232,Moderate attention detected. Stay focused!
233,Moderate attention detected. Stay focused!
234,Moderate attention detected. Stay focused!
235,Moderate attention detected. Stay focused!
236,Moderate attention detected. Stay focused!
237,Moderate attention detected. Stay focused!
238,Moderate attention detected. Stay focused!
239,Moderate attention detected. Stay focused!
240,Moderate attention detected. Stay focused!
241,Moderate attention detected. Stay focused!
242,Moderate attention detected. Stay focused!
243,Moderate attention detected. Stay focused!
244,Moderate attention detected. Stay focused!
245,Moderate attention detected. Stay focused!
246,Moderate attention detected. Stay focused!
247,Moderate attention detected. Stay focused!
248,Moderate attention detected. Stay focused!
249,Moderate attention detected. Stay focused!
250,Moderate attention detected. Stay focused!
251,Moderate attention detected. Stay focused!
252,Moderate attention detected. Stay focused!
253,Moderate attention detected. Stay focused!
254,Moderate attention detected. Stay focused!
255,Moderate attention detected. Stay focused!
256,Moderate attention detected. Stay focused!
257,Moderate attention detected. Stay focused!
258,Moderate attention detected. Stay focused!
259,Moderate attention detected. Stay focused!
260,Moderate attention detected. Stay focused!
261,Moderate attention detected. Stay focused!
262,Moderate attention detected. Stay focused!
263,Moderate attention detected. Stay focused!
264,Moderate attention detected. Stay focused!
265,Moderate attention detected. Stay focused!
266,Moderate attention detected. Stay focused!
267,Moderate attention detected. Stay focused!
268,Moderate attention detected. Stay focused!
269,Moderate attention detected. Stay focused!
270,Moderate attention detected. Stay focused!
271,Moderate attention detected. Stay focused!
272,Moderate attention detected. Stay focused!
273,Moderate attention detected. Stay focused!
274,Moderate attention detected. Stay focused!
275,Moderate attention detected. Stay focused!
276,Moderate attention detected. Stay focused!
277,Moderate attention detected. Stay focused!
278,Moderate attention detected. Stay focused!
279,Moderate attention detected. Stay focused!
280,Moderate attention detected. Stay focused!
281,Moderate attention detected. Stay focused!
282,Moderate attention detected. Stay focused!
283,Moderate attention detected. Stay focused!
284,Moderate attention detected. Stay focused!
285,Moderate attention detected. Stay focused!
286,Moderate attention detected. Stay focused!
287,Moderate attention detected. Stay focused!
288,Moderate attention detected. Stay focused!
289,Moderate attention detected. Stay focused!
290,Moderate attention detected. Stay focused!
291,Moderate attention detected. Stay focused!
292,Moderate attention detected. Stay focused!
293,Moderate attention detected. Stay focused!
294,Moderate attention detected. Stay focused!
295,Moderate attention detected. Stay focused!
296,Moderate attention detected. Stay focused!
297,Moderate attention detected. Stay focused!
298,Moderate attention detected. Stay focused!
299,Moderate attention detected. Stay focused!
300,Moderate attention detected. Stay focused!
301,Moderate attention detected. Stay focused!
302,Moderate attention detected. Stay focused!
303,Moderate attention detected. Stay focused!
304,Moderate attention detected. Stay focused!
305,Moderate attention detected. Stay focused!
306,Moderate attention detected. Stay focused!
307,Moderate attention detected. Stay focused!
308,Moderate attention detected. Stay focused!
309,Moderate attention detected. Stay focused!
310,Moderate attention detected. Stay focused!
311,Moderate attention detected. Stay focused!
312,Moderate attention detected. Stay focused!
313,Moderate attention detected. Stay focused!
314,Moderate attention detected. Stay focused!
315,Moderate attention detected. Stay focused!
316,Moderate attention detected. Stay focused!
317,Moderate attention detected. Stay focused!
318,Moderate attention detected. Stay focused!
319,Moderate attention detected. Stay focused!
320,High attention detected. Keep focusing!
321,High attention detected. Keep focusing!
322,High attention detected. Keep focusing!
323,High attention detected. Keep focusing!
324,High attention detected. Keep focusing!
325,High attention detected. Keep focusing!
326,High attention detected. Keep focusing!
327,High attention detected. Keep focusing!
328,High attention detected. Keep focusing!
329,Moderate attention detected. Stay focused!
330,Moderate attention detected. Stay focused!
331,Moderate attention detected. Stay focused!
332,Moderate attention detected. Stay focused!
333,Moderate attention detected. Stay focused!
334,Moderate attention detected. Stay focused!
335,Moderate attention detected. Stay focused!
336,Moderate attention detected. Stay focused!
337,Moderate attention detected. Stay focused!
338,Moderate attention detected. Stay focused!
339,Moderate attention detected. Stay focused!
340,Daydreaming detected. Take a break or focus more!
341,Daydreaming detected. Take a break or focus more!
342,Daydreaming detected. Take a break or focus more!
343,Daydreaming detected. Take a break or focus more!
344,Moderate attention detected. Stay focused!
345,Moderate attention detected. Stay focused!
346,Moderate attention detected. Stay focused!
347,Moderate attention detected. Stay focused!
348,Moderate attention detected. Stay focused!
349,Moderate attention detected. Stay focused!
350,Moderate attention detected. Stay focused!
351,Moderate attention detected. Stay focused!
352,Moderate attention detected. Stay focused!
353,Moderate attention detected. Stay focused!
354,Moderate attention detected. Stay focused!
355,Moderate attention detected. Stay focused!
356,Moderate attention detected. Stay focused!
357,Moderate attention detected. Stay focused!
358,Moderate attention detected. Stay focused!
359,Moderate attention detected. Stay focused!
360,Moderate attention detected. Stay focused!
361,Moderate attention detected. Stay focused!
362,Moderate attention detected. Stay focused!
363,Moderate attention detected. Stay focused!
364,Moderate attention detected. Stay focused!
365,Moderate attention detected. Stay focused!
366,Moderate attention detected. Stay focused!
367,Moderate attention detected. Stay focused!
368,Moderate attention detected. Stay focused!
369,Moderate attention detected. Stay focused!
370,Moderate attention detected. Stay focused!
371,Daydreaming detected. Take a break or focus more!
372,Daydreaming detected. Take a break or focus more!
373,Daydreaming detected. Take a break or focus more!
374,Daydreaming detected. Take a break or focus more!
375,Daydreaming detected. Take a break or focus more!
376,Daydreaming detected. Take a break or focus more!
377,Daydreaming detected. Take a break or focus more!
378,Daydreaming detected. Take a break or focus more!
379,Daydreaming detected. Take a break or focus more!
380,Daydreaming detected. Take a break or focus more!
381,Daydreaming detected. Take a break or focus more!
382,Daydreaming detected. Take a break or focus more!
383,Daydreaming detected. Take a break or focus more!
384,Daydreaming detected. Take a break or focus more!
385,Daydreaming detected. Take a break or focus more!
386,Daydreaming detected. Take a break or focus more!
387,Daydreaming detected. Take a break or focus more!
388,Daydreaming detected. Take a break or focus more!
389,Daydreaming detected. Take a break or focus more!
390,Daydreaming detected. Take a break or focus more!
391,Daydreaming detected. Take a break or focus more!
392,Daydreaming detected. Take a break or focus more!
393,Daydreaming detected. Take a break or focus more!
394,Moderate attention detected. Stay focused!
395,Moderate attention detected. Stay focused!
396,Moderate attention detected. Stay focused!
397,Moderate attention detected. Stay focused!
398,Moderate attention detected. Stay focused!
399,Moderate attention detected. Stay focused!
400,Moderate attention detected. Stay focused!
401,Moderate attention detected. Stay focused!
402,Moderate attention detected. Stay focused!
403,Moderate attention detected. Stay focused!
404,Moderate attention detected. Stay focused!
405,Moderate attention detected. Stay focused!
406,Moderate attention detected. Stay focused!
407,Moderate attention detected. Stay focused!
408,Moderate attention detected. Stay focused!
409,Moderate attention detected. Stay focused!
410,Moderate attention detected. Stay focused!
411,Moderate attention detected. Stay focused!
412,Moderate attention detected. Stay focused!
413,Moderate attention detected. Stay focused!
414,Moderate attention detected. Stay focused!
415,Moderate attention detected. Stay focused!
416,Moderate attention detected. Stay focused!
417,Moderate attention detected. Stay focused!
418,Moderate attention detected. Stay focused!
419,Moderate attention detected. Stay focused!
420,Moderate attention detected. Stay focused!
421,Moderate attention detected. Stay focused!
422,Moderate attention detected. Stay focused!
423,Moderate attention detected. Stay focused!
424,Moderate attention detected. Stay focused!
425,Moderate attention detected. Stay focused!
426,Moderate attention detected. Stay focused!
427,Moderate attention detected. Stay focused!
428,Moderate attention detected. Stay focused!
429,Moderate attention detected. Stay focused!
430,Moderate attention detected. Stay focused!
431,Moderate attention detected. Stay focused!
432,Moderate attention detected. Stay focused!
433,Moderate attention detected. Stay focused!
434,Moderate attention detected. Stay focused!
435,Moderate attention detected. Stay focused!
436,Moderate attention detected. Stay focused!
437,Moderate attention detected. Stay focused!
438,Moderate attention detected. Stay focused!
439,Moderate attention detected. Stay focused!
440,Moderate attention detected. Stay focused!
441,Moderate attention detected. Stay focused!
442,Moderate attention detected. Stay focused!
443,Moderate attention detected. Stay focused!
444,Moderate attention detected. Stay focused!
445,Moderate attention detected. Stay focused!
446,High attention detected. Keep focusing!
447,High attention detected. Keep focusing!
448,Moderate attention detected. Stay focused!
449,Moderate attention detected. Stay focused!
450,Moderate attention detected. Stay focused!
451,Moderate attention detected. Stay focused!
452,Moderate attention detected. Stay focused!
453,Moderate attention detected. Stay focused!
454,Moderate attention detected. Stay focused!
455,Moderate attention detected. Stay focused!
456,Moderate attention detected. Stay focused!
457,Moderate attention detected. Stay focused!
458,Moderate attention detected. Stay focused!
459,Moderate attention detected. Stay focused!
460,Moderate attention detected. Stay focused!
461,Moderate attention detected. Stay focused!
